iter	RMSE
0	1159.538382
1	1152.960637
2	1146.56345
3	1140.111739
4	1133.681652
5	1127.311452
6	1121.023312
7	1114.756287
8	1108.585943
9	1102.389271
10	1096.24624
11	1090.291499
12	1084.213123
13	1078.18184
14	1072.316806
15	1066.458845
16	1060.652483
