iter	LogCosh
0	262.4385706
1	261.9936203
2	261.4728209
3	261.0376524
4	260.5353806
5	260.0692321
6	259.5920548
7	259.00886
8	258.4561184
9	258.0043476
10	257.4740036
11	256.9072242
12	256.3929277
13	255.924886
14	255.5524637
15	255.0201814
16	254.4603137
17	253.9196982
18	253.4998239
19	252.9965617
20	252.5270728
21	252.0818057
22	251.5326659
23	251.0423306
24	250.6041296
25	250.0955239
26	249.6436488
27	249.0920553
28	248.6458817
29	248.1795402
30	247.6812227
31	247.1911121
32	246.7053506
